Title,Date,Score
Tesla Q3: Assessing Elon Musk's Execution Ability Objectively,2022-10-20,0.3182
"Tesla: Q3 Revenue Miss, But The Long-Term Story Is Spectacular",2022-10-20,-0.1531
"Tesla Q3: Mixed Quarter, Musk Pumps, Mr. Market Dumps",2022-10-20,-0.4019
Tesla: Buy The Dip - A Contrarian View On Q3,2022-10-20,0.0
Tesla is sliding but Chinese electric vehicle stocks are attempting comeback bids,2022-10-20,0.0
"5 stocks to watch for Thursday: Tesla, IBM, Allstate and more",2022-10-20,0.0
Tesla impresses analysts by navigating through tricky environment,2022-10-20,0.3612
Elon Musk says Tesla could be worth Ă˘â‚¬Ëśmore than Apple and Saudi Aramco combinedĂ˘â‚¬â„˘,2022-10-20,0.2263
"Tesla: Q3 2022, Valuation Cracking",2022-10-20,0.0
Tesla: Q3 Results Fall Short,2022-10-19,0.0
Tesla: Cautious In The Near Term As Stock Is At Fair Value,2022-10-19,0.5106
Tesla: Inc. (TSLA) Q3 2022,2022-10-19,0.0
Tesla CEO Musk says he and other investors `obviously overpaying' for Twitter,2022-10-19,0.0
"Tesla Non-GAAP EPS of $1.05 beats by $0.04, revenue of $21.45B misses by $510M",2022-10-19,-0.2263
"Tesla skids lower as logistical slowdowns, FX factor into light revenue tally",2022-10-19,-0.296
How Large Might The Tesla Full Self Driving Liability Be?,2022-10-19,-0.2023
Tesla's Q3 Earnings Preview - Stock Could Be Hit Hard,2022-10-19,-0.1027
How Tesla's Outrageous Valuation Could Destroy All Zombie Stocks,2022-10-18,-0.7579
"Tesla earnings are on tap: Expect volatility with all eyes on margins, deliveries guidance and Gigafactory updates",2022-10-18,0.0
Tesla: Looking For Good Q3 Show,2022-10-17,0.4404
Tesla: Don't Be Fooled Into Buying The Dips,2022-10-15,0.2924
"Stocks To Watch: Earnings Blitz Includes Netflix, Tesla, Johnson &amp; Johnson, Goldman Sachs, And Philip Morris",2022-10-15,0.0
"Earnings week ahead: Tesla, Netflix, Johnson &amp; Johnson, AT&amp;T and more",2022-10-14,0.0
Elon Musk's Russia Involvement Could Pose An ESG Risk To Investors,2022-10-14,-0.2732
"Twitter claims Musk is Ă˘â‚¬Ëśunder investigationĂ˘â‚¬â„˘ over merger deal, and it wants the documents",2022-10-13,0.0
Cracks Appear In Tesla's Growth Story,2022-10-12,0.3818
Tesla Q3: Watch Out For $175 Entry Opportunity,2022-10-11,0.4215
Tesla receives tax exemption from Chinese authorities,2022-10-11,0.0
Tesla's Mass Market Optimus Robot Could Change Humanity Forever,2022-10-11,0.0
Tesla Is A Bargain With Optimus And Recent Events,2022-10-11,0.2023
